Workbook

Sheet TCN A4
B2: Truck Consignment Note | H2: Original
B3: # 002 | E3: بوليصة نقل بري | H3: 45434
B6: Shipper:
B7: Elite Global Logistics Ltd.
B9: Receiver:
B10: مخازن شركة ريوسيرف مؤسسة الزكاة ، بركة النصر، شارع أبو رجيله ، السلام أول، محافظة القاهرة مدير المخزن/ قرني عويس تيليفون/ ٠١٠٢٧١٩٨٤١٧ | F10: Deriver Name | G10: إسماعيل يوسف سيد
F11: Truck Number Plate: | G11: ا م ر ٤١٦٧
F12: Driver Code: | G12: DOC#01
B17: AWB | B/L: | D17: 35518340874 | F17: Pickup Location: | G17: Cairo Airport
B18: Truck type: | D18: Dababah Open | F18: Final Destinantion: | G18: مؤسسة الزكاة
B19: Number of Truck: | D19: 1 | F19: Shipment Date: | G19: 45432
B21: Special Instructions:
B23: NO. OF PACKAGES | D23: DESCRIPTION OF PACKAGES AND GOODS | G23: WEIGHT | H23: MEASUREMENT
B24: 1 | D24: 1 Box of Mechanical Seals | G24: 18 | H24: 60 x 40 x 30 CM
B38: TOTAL OF PACKAGES | G38: TOTAL WEIGHT
B39: =SUM(B24:C37) -> 1 | G39: =SUM(G24:G37) -> 18 | H39: KG
B42: Notes:
B43: 7R's Logistics not responsibil for Loading / offloading 7R's Logistics is not responsible for commodity type 7R's Logistics don't examine the commodity Lodging period is 1 hour from arriving time Offloading period is 1 hour from arriving time
B48: 01101167717 | E48: 7R Logistics Al-Sharqia Governorate, EGYPT | G48: TAX ID: 554-962-179 | H48: ThankYou!

Sheet DN A4
H6: Original
B7: Delievery Note | H7: 45435
B8: ='TCN A4'!B3 -> # 002 | D8: إيصال استلام
E10: إلي: | H10: من:
B11: ='TCN A4'!B10 -> مخازن شركة ريوسيرف مؤسسة الزكاة ، بركة النصر، شارع أبو رجيله ، السلام أول، محافظة القاهرة مدير المخزن/ قرني عويس تيليفون/ ٠١٠٢٧١٩٨٤١٧ | G11: ='TCN A4'!B7 -> Elite Global Logistics Ltd.
B14: TCN Number | D14: ='TCN A4'!B3 -> # 002 | G14: إسماعيل يوسف سيد | H14: السائق:
B15: AWB | B/L | D15: ='TCN A4'!D17 -> 35518340874 | G15: ا م ر ٤١٦٧ | H15: رقم المركبة:
B16: Delievery Method: | D16: ='TCN A4'!D18 -> Dababah Open | G16: DOC#01 | H16: كود السائق:
B18: العدد | D18: الوزن | E18: الأبعاد | F18: وصف البضاعة | H18: #
B19: 1 | D19: ='TCN A4'!G24 -> 18 | E19: ='TCN A4'!H24 -> 60 x 40 x 30 CM | F19: ='TCN A4'!D24 -> 1 Box of Mechanical Seals | H19: 1
B31: عدد الطرود الإجمالي: | D31: الوزن الإجمالي:
B32: =SUM(B19:C30) -> 1 | D32: =SUM(D19:E30) -> 18 | E32: KG
D34: تاريخ اليوم: | H34: إسم المستلم:
H35: التوقيع:
H37: ملاحظات:
B44: 01101167717 | E44: 7R Logistics Al-Sharqia Governorate, EGYPT | G44: TAX ID: 554-962-179 | H44: ThankYou!

Sheet MIS A4
H5: Original
B7: Delivery Mission | H7: 45434
B8: ='TCN A4'!B3 -> # 002 | D8: مهمة توصيل
D10: جهة التسليم: | H10: جهة الإستلام:
B11: ='TCN A4'!B10 -> مخازن شركة ريوسيرف مؤسسة الزكاة ، بركة النصر، شارع أبو رجيله ، السلام أول، محافظة القاهرة مدير المخزن/ قرني عويس تيليفون/ ٠١٠٢٧١٩٨٤١٧ | G11: مطار القاهرة قرية البضائع
B14: TCN Number | D14: ='TCN A4'!B3 -> # 002 | G14: إسماعيل يوسف سيد | H14: السائق:
B15: AWB | B/L | D15: ='TCN A4'!D17 -> 35518340874 | G15: ا م ر ٤١٦٧ | H15: رقم المركبة:
B16: Delievery Method: | D16: ='TCN A4'!D18 -> Dababah Open | G16: DOC#01 | H16: كود السائق:
B18: العدد | D18: الوزن | E18: الأبعاد | F18: وصف البضاعة | H18: #
B19: 1 | D19: ='TCN A4'!G24 -> 18 | E19: ='DN A4'!E19 -> 60 x 40 x 30 CM | F19: ='TCN A4'!D24 -> 1 Box of Mechanical Seals | H19: 1
B28: عدد الطرود الإجمالي: | D28: الوزن الإجمالي:
B29: =SUM(B19:C27) -> 1 | D29: =SUM(D19:E27) -> 18 | E29: KG
H32: إيصال امانة
A33: اقر انا السائق...................................... بطاقة رقم قومي رقم.............................................. بصفتي الموكل بعملية النقل بلتالي :
B34: بأن البضاعة الموضحة بعالية بصفة امانة لتسليمها الي الجهة التسليم الموضحة بعالية خلال ٢٤ ساعة من تاريخ التحميل و في حال عدم تسليمها أكون مبددا و خائنا للامانه و اتحمل المسئووليه الجنائية. | I34: -1
B35: أكون مسئول مسؤولية كاملة عن عدم التسليم او أي عجز او تلف أثناء التسليم. | I35: -2
B36: كما اقر بأن التزم بلمحافظة علي البضاعة و التأكد من سلامة التحميل و التربيط علي المركبة. | I36: -3
B37: أن أكون ملازم للمركبة طوال الرحلة و عدم ترك المركبة بدون مراقبه من خلالي. | I37: -4
B38: التأكد من سلامة المركبة و صلاحيتها للقيام بعملية النقل و من صلاحية رخصة المركبة و رخصة القيادة . | I38: -5
B39: اتباع الإرشادات و التعليمات المرورية. | I39: -6
E41: التوقيع/ | H41: المقر بما فيه الاسم/
H42: رقم البطاقة/
B46: 01101167717 | E46: 7R Logistics Al-Sharqia Governorate, EGYPT | G46: TAX ID: 554-962-179 | H46: ThankYou!
H52: Driver Copy
B54: Delivery Mission | H54: 45434
B55: =B8 -> # 002 | D55: مهمة توصيل
C57: الرجاء الحفاظ علي هذا الايصال و المراجعة بيه مع الحسابات لتحصيل النولون
D59: جهة التسليم: | H59: جهة الإستلام:
B60: =B11 -> مخازن شركة ريوسيرف مؤسسة الزكاة ، بركة النصر، شارع أبو رجيله ، السلام أول، محافظة القاهرة مدير المخزن/ قرني عويس تيليفون/ ٠١٠٢٧١٩٨٤١٧ | G60: مطار القاهرة قرية البضائع
B63: TCN Number | D63: =D14 -> # 002 | G63: إسماعيل يوسف سيد | H63: السائق:
B64: AWB | B/L | D64: =D15 -> 35518340874 | G64: ا م ر ٤١٦٧ | H64: رقم المركبة:
B65: Delievery Method: | D65: =D16 -> Dababah Open | G65: DOC#01 | H65: كود السائق:
B67: العدد | D67: الوزن | E67: الأبعاد | F67: وصف البضاعة | H67: #
B68: 1 | D68: =D19 -> 18 | E68: =E19 -> 60 x 40 x 30 CM | F68: =F19 -> 1 Box of Mechanical Seals | H68: 1
B77: عدد الطرود الإجمالي: | D77: الوزن الإجمالي:
B78: =SUM(B68:C76) -> 1 | D78: =SUM(D68:E76) -> 18 | E78: KG
B83: 01101167717 | E83: 7R Logistics Al-Sharqia Governorate, EGYPT | G83: TAX ID: 554-962-179 | H83: ThankYou!

Sheet INVOICE A5
B3: INVOICE | F3: 45427
B4: NO. 01
B6: Company Name | C6: : | D6: ='TCN A4'!B7 -> Elite Global Logistics Ltd.
B7: TCN Number | C7: : | D7: ='TCN A4'!B3 -> # 002
B8: DN Number | C8: : | D8: ='DN A4'!B8 -> # 002
B9: AWB | B/L | C9: : | D9: ='TCN A4'!D17 -> 35518340874
D13: QTY | E13: SERVICE | F13: Amount
D15: 01 | E15: Transporation | F15: 1350
D18: SUBTOTAL | F18: =SUM(F15:F15) -> 1350
D19: Subject to -3% WHT
F21: 7R's Logistics
B23: Please make payment to
B24: Bank Misr
B25: 201 Blvd, New york 67546
B28: 01101167717 | D28: 7R Logistics Al-Sharqia Governorate, EGYPT | F28: ThankYou!

Sheet Claim A5 
B3: Claim For Reimbursements | F3: 45427
B4: NO. 01
B6: Company Name | C6: : | D6: ='INVOICE A5'!D6 -> Elite Global Logistics Ltd.
B7: TCN Number | C7: : | D7: ='INVOICE A5'!D7 -> # 002
B8: DN Number | C8: :
B9: AWB | B/L | C9: :
D11: QTY | E11: SERVICE | F11: Amount
D13: 01 | E13: Road Toll | F13: 2500
D14: 01 | E14: Over night | F14: 2500
D17: SUBTOTAL | F17: =SUM(F13:F14) -> 5000
F19: 7R's Logistics
B22: Please make payment to
B23: Charlie Jacob
B24: 201 Blvd, New york 67546
E27: 7R Logistics
B28: 002 123456789 | D28: bankinfo@gmaik.com | E28: Al-Sharqia Governorate, EGYPT | F28: ThankYou!
